{
  "users": [
    {
      "id": 1,
      "name": "Maria",
      "password": "maria12345",
      "gender": "F",
      "dateOfBirth": "1996-01-01",
      "email": "maria@gmail.com",
      "mobileNumber": 1234567890,
      "pincode": 123456,
      "city": "Bangalore",
      "state": "Karnataka",
      "country": "India"
    },
    {
      "name": "Sera",
      "password": "Sera@123",
      "dateOfBirth": "1997-01-01",
      "gender": "F",
      "mobileNumber": 1234567890,
      "email": "sera@gmail.com",
      "pincode": 123456,
      "city": "Kozhikode",
      "state": "Kerala",
      "country": "India",
      "id": 2
    },
    {
      "name": "dddd",
      "password": "ddddd",
      "email": "dddd",
      "mobileNumber": 2222222222,
      "dateOfBirth": "1995-02-22",
      "gender": "male",
      "pincode": 111111,
      "city": "kot",
      "state": "raj",
      "country": "ind",
      "id": 3
    },
    {
      "name": "ddd",
      "password": "ddddd",
      "email": "ddddd",
      "mobileNumber": 1111111111,
      "dateOfBirth": "1993-10-12",
      "gender": "male",
      "pincode": 111111,
      "city": "kot",
      "state": "raj",
      "country": "ind",
      "id": 4
    },
    {
      "name": "pratham",
      "password": "qwerty",
      "email": "prathamaggarwal669@gmail.com",
      "mobileNumber": 7015938957,
      "dateOfBirth": "1998-05-29",
      "gender": "M",
      "pincode": 131001,
      "city": "Sonipat",
      "state": "Haryana",
      "country": "India",
      "id": 5
    }
  ],
  "coaches": [
    {
      "id": 1,
      "name": "Rose",
      "password": "rose12345",
      "gender": "F",
      "dateOfBirth": "1996-01-01",
      "mobileNumber": 1234567890,
      "speciality": "Confidence Issues"
    },
    {
      "name": "Setna",
      "password": "Setna@123",
      "dateOfBirth": "1995-01-01",
      "gender": "F",
      "mobileNumber": 1235678905,
      "speciality": "Depression Issues",
      "id": 2
    },
    {
      "name": "ank",
      "password": "an3",
      "dateOfBirth": "1995-01-01",
      "gender": "M",
      "mobileNumber": 1235678905,
      "speciality": "Depression Issues",
      "id": 3
    }
  ],
  "bookings": [
    {
      "appointmentDate": "2021-10-15",
      "slot": "10 AM to 11 AM ",
      "userId": "1",
      "coachId": "1",
      "id": 5
    },
    {
      "appointmentDate": "2021-10-13",
      "slot": "10 AM to 11 AM ",
      "userId": "1",
      "coachId": "1",
      "id": 6
    }
  ]
}